"x","y","z"
-23.8231620788574,-12.2709169387817,-28.9370441436768
-23.5093402862549,-9.46982860565186,-30.5580768585205
-25.8266410827637,-12.9938163757324,-28.4908428192139
-27.4725036621094,-11.580207824707,-28.308349609375
-31.4802017211914,-13.293140411377,-25.6901187896729
-31.2648162841797,-11.5276727676392,-26.1410331726074
-35.2126350402832,-12.0034227371216,-21.3672847747803
-34.4158668518066,-14.0463724136353,-23.396692276001
-33.6375579833984,-10.619047164917,-24.3113079071045
-34.0258674621582,-10.4537496566772,-21.0487117767334
-32.1142501831055,-8.61146354675293,-23.1250419616699
-30.353910446167,-8.54752063751221,-20.0478420257568
-32.1365661621094,-11.6456384658813,-17.0187549591064
-28.655647277832,-9.464768409729,-19.116735458374
-28.626091003418,-10.6052131652832,-17.1233863830566
-24.7670421600342,-9.88089656829834,-19.614767074585
-23.3582439422607,-11.2656230926514,-18.1376819610596
-23.7723407745361,-13.0970048904419,-17.0109233856201
-27.0960636138916,-13.6551351547241,-14.7884092330933
-21.1347007751465,-13.3625478744507,-16.6117153167725
-21.713508605957,-13.1523532867432,-13.1135511398315
-22.2238101959229,-16.7593612670898,-12.7344169616699
-21.5099792480469,-14.2118606567383,-12.7941913604736
-20.2531108856201,-18.3228225708008,-13.6055688858032
-18.7216091156006,-19.467945098877,-17.440803527832
-17.9744567871094,-18.2109813690186,-15.838282585144
-17.130916595459,-17.0016174316406,-19.5825805664062
-21.5054988861084,-15.8599090576172,-21.614465713501
-19.1226348876953,-18.7929992675781,-19.6056060791016
-16.8292789459229,-14.6162900924683,-21.4977684020996
-21.5500602722168,-13.9222040176392,-21.9240646362305
-21.8412227630615,-14.3818521499634,-24.418083190918
-21.3170433044434,-12.0540685653687,-23.1050128936768
-19.7699699401855,-11.3762435913086,-25.6245422363281
-20.0617027282715,-7.84487009048462,-27.394552230835
-19.9637184143066,-6.80474281311035,-26.2280158996582
-22.2204704284668,-7.60696601867676,-26.6638298034668
-19.0900802612305,-6.57143783569336,-24.4397563934326
-21.9201507568359,-8.27542304992676,-24.3113384246826
-25.0500717163086,-8.27245712280273,-26.1132774353027
-28.2123889923096,-8.41292381286621,-24.6081466674805
-28.5333843231201,-7.59271192550659,-26.1130771636963
-26.2032737731934,-7.59942388534546,-29.2793655395508
-28.8856601715088,-7.93714380264282,-27.1999607086182
-29.9052047729492,-8.78336143493652,-26.3923168182373
-23.761754989624,-7.88286781311035,-30.1610469818115
-26.1319446563721,-18.4438705444336,-23.9288234710693
-28.3810882568359,-16.2087879180908,-25.2149448394775
-29.7555122375488,-18.3852920532227,-24.0175819396973
-29.9180469512939,-20.9971809387207,-21.3814086914062
-32.6667366027832,-17.1463146209717,-23.1461048126221
-36.2300148010254,-14.54918384552,-21.4920787811279
-32.5275421142578,-15.231315612793,-23.7415199279785
-36.5598945617676,-15.3405876159668,-19.2668418884277
-35.2549629211426,-11.8592929840088,-19.280445098877
-34.750675201416,-13.6310043334961,-17.6301345825195
-31.1363468170166,-12.9000625610352,-15.7173767089844
-21.4820289611816,-9.54437255859375,-29.0419826507568
-23.4229640960693,-16.8129901885986,-24.099796295166
-21.2763385772705,-11.838173866272,-27.4196300506592
-24.8958129882812,-17.6445159912109,-23.8944568634033
-17.5845909118652,-8.47308158874512,-24.9868717193604
-22.7447090148926,-18.0321788787842,-21.2043781280518
-21.2762641906738,-20.3363666534424,-15.1604633331299
-24.4425716400146,-19.0178661346436,-13.6528835296631
-24.2394027709961,-20.1436939239502,-14.6258411407471
-24.0045127868652,-18.033166885376,-15.0289211273193
-26.5876178741455,-17.6251888275146,-14.75501537323
-25.1968765258789,-19.0092601776123,-12.8765850067139
-28.0302028656006,-16.9901523590088,-13.5101470947266
-26.0891780853271,-17.0858459472656,-12.0886573791504
-27.2131328582764,-15.5414180755615,-13.3381643295288
-24.4937992095947,-14.0117120742798,-12.8152961730957
-15.2713193893433,-10.0083799362183,-21.7936573028564
-16.9063739776611,-11.5295543670654,-21.8438301086426
-14.0775260925293,-11.8592491149902,-21.3715839385986
-15.3840627670288,-14.3726940155029,-21.2721061706543
-14.3135709762573,-12.8496723175049,-19.1894626617432
-12.4501810073853,-9.61835193634033,-19.9380855560303
-17.7291297912598,-9.68447399139404,-17.5871810913086
-17.464017868042,-9.07321834564209,-21.3498401641846
-18.5130920410156,-9.70271587371826,-19.4664936065674
-20.0132999420166,-8.352858543396,-22.0623474121094
-22.4965629577637,-8.65414237976074,-21.0364894866943
-18.3133449554443,-6.8792839050293,-25.3803615570068
-17.8385238647461,-9.91548156738281,-23.5623073577881
-17.2669639587402,-7.48826313018799,-23.6033554077148
-18.9174957275391,-10.9125967025757,-22.8526554107666
-25.6042022705078,-8.81681728363037,-23.0240821838379
-20.6829986572266,-11.2602424621582,-17.7610549926758
-19.3297443389893,-11.8874959945679,-16.7363605499268
-19.3019599914551,-9.90320205688477,-15.3153505325317
-19.2838706970215,-10.32190990448,-13.9085626602173
-21.4654998779297,-12.4608955383301,-13.9918928146362
-18.0720386505127,-11.6713495254517,-13.9527721405029
-17.696102142334,-14.2165536880493,-15.510983467102
-30.7574253082275,-20.739221572876,-18.8558235168457
-33.8914413452148,-20.1057662963867,-18.8306884765625
-30.5719108581543,-18.2234973907471,-16.1335334777832
-35.1305198669434,-17.1847553253174,-15.4871168136597
-32.0547485351562,-15.0900049209595,-13.7169923782349
-33.2165184020996,-20.3602848052979,-20.1067523956299
-27.0630550384521,-22.5091724395752,-19.9443950653076
-23.9744815826416,-20.8403339385986,-20.2297382354736
-23.4382629394531,-20.6125049591064,-18.0987854003906
-35.756908416748,-17.9801445007324,-20.4787311553955
-36.7667083740234,-18.3837184906006,-18.8444213867188
-18.0898761749268,-13.0715494155884,-22.557409286499
-25.0266304016113,-21.989107131958,-18.4706001281738
-15.5783710479736,-15.0079517364502,-19.6300563812256
-12.4031114578247,-11.093879699707,-19.5919456481934
-14.6982555389404,-10.4601202011108,-15.781192779541
-17.4403400421143,-9.78043365478516,-14.4061641693115
-18.8803329467773,-10.9892292022705,-18.262866973877
-27.1927242279053,-22.3242607116699,-18.6598720550537
-26.4310398101807,-19.8520393371582,-17.0785617828369
-26.3936309814453,-18.1741428375244,-15.7035331726074
-36.0274810791016,-16.6043643951416,-16.0024929046631
-32.1265487670898,-17.0658512115479,-13.9054822921753
-36.3754081726074,-18.3037853240967,-17.2978668212891
-28.008617401123,-24.5152378082275,-17.9494323730469
-29.8014755249023,-22.7896327972412,-19.5930080413818
-32.3999710083008,-25.6607837677002,-16.9101295471191
-30.1577301025391,-26.3350162506104,-17.1458873748779
-36.9038009643555,-26.1515979766846,-14.6898832321167
-35.5273895263672,-26.0652694702148,-15.9473667144775
-37.431941986084,-23.0337753295898,-15.3399925231934
-36.9685325622559,-22.8234100341797,-13.3867149353027
-36.8467483520508,-19.2529926300049,-14.3373584747314
-30.3941764831543,-17.7711277008057,-15.4525785446167
-35.4710388183594,-17.556547164917,-14.7853813171387
-35.8260078430176,-17.9697589874268,-16.5884075164795
-28.0156707763672,-21.3510112762451,-18.2951622009277
-24.6727676391602,-21.8314228057861,-16.5032196044922
-37.356761932373,-19.162410736084,-16.609619140625
-35.731990814209,-20.7211380004883,-19.0101089477539
-33.1472396850586,-21.1367282867432,-19.1150245666504
-34.8201446533203,-20.2881565093994,-18.9936714172363
-29.7614002227783,-22.0173816680908,-19.6304874420166
-31.5914344787598,-20.3454761505127,-18.904468536377
-34.1837615966797,-23.3514289855957,-17.539644241333
-26.4118785858154,-25.3373622894287,-17.093713760376
-28.5030746459961,-28.7833786010742,-14.8082447052002
-35.7624320983887,-31.9896240234375,-10.9145908355713
-35.5481147766113,-30.4321517944336,-12.495701789856
-37.2730407714844,-30.2706775665283,-10.2317953109741
-34.5246429443359,-28.9516639709473,-7.96100902557373
-33.7496910095215,-27.6824398040771,-8.24238777160645
-30.9088001251221,-29.287052154541,-8.26801300048828
-29.501636505127,-26.8436183929443,-10.3978824615479
-30.7289218902588,-25.8026866912842,-10.5980615615845
-29.2769470214844,-23.6252498626709,-11.8386745452881
-26.8562431335449,-25.5176162719727,-10.5362339019775
-27.4634952545166,-22.0744228363037,-13.1105899810791
-24.8181762695312,-23.6467437744141,-13.2634677886963
-26.0541725158691,-21.8984127044678,-13.7059135437012
-24.9717273712158,-19.7818908691406,-14.5758428573608
-26.3273029327393,-20.1690425872803,-16.137939453125
-26.3219108581543,-17.8856945037842,-15.3288068771362
-25.1502132415771,-19.0788631439209,-13.9037570953369
-30.0647468566895,-17.5882797241211,-13.2794513702393
-37.3378257751465,-28.291633605957,-11.2690181732178
-35.8458671569824,-28.0769596099854,-13.3796558380127
-24.6402683258057,-26.5238761901855,-14.3439645767212
-24.428897857666,-24.9904403686523,-14.0617113113403
-31.6337718963623,-29.5826759338379,-14.5538778305054
-25.4855289459229,-28.570333480835,-12.4419021606445
-24.7653980255127,-30.1574573516846,-11.5309314727783
-25.3381118774414,-27.2680053710938,-10.8943691253662
-24.3692092895508,-30.9871959686279,-8.60060882568359
-23.9882469177246,-32.0206031799316,-9.36098766326904
-24.0667304992676,-32.7153778076172,-5.87673091888428
-23.7249622344971,-34.2862586975098,-6.4327278137207
-27.3836498260498,-32.5399322509766,-4.33467578887939
-29.7981491088867,-31.1938133239746,-5.93245506286621
-27.3669528961182,-30.9905376434326,-5.50747489929199
-32.3548583984375,-31.0490436553955,-6.47193622589111
-36.6278533935547,-30.813648223877,-7.3602352142334
-36.0392951965332,-32.5081748962402,-8.36257362365723
-34.102954864502,-32.9852676391602,-9.58654022216797
-26.4424724578857,-27.8605728149414,-14.5069875717163
-26.4354362487793,-33.5587463378906,-4.02919816970825
-23.9670467376709,-17.9715194702148,-15.0360622406006
-26.0224628448486,-20.2165794372559,-12.8286094665527
-27.5650749206543,-32.8331604003906,-12.0665054321289
-32.2317886352539,-30.9220390319824,-13.2470846176147
-30.2395191192627,-34.0007705688477,-11.6266441345215
-26.2352027893066,-30.2092056274414,-12.9548768997192
-26.6264553070068,-29.4903469085693,-8.20547676086426
-33.9062194824219,-17.8589267730713,-13.0903234481812
-29.0239772796631,-35.2494735717773,-8.37320423126221
-29.9845790863037,-33.3129920959473,-6.65902614593506
-27.8853206634521,-34.6559448242188,-6.22560405731201
-29.6542186737061,-19.5624485015869,-11.6636991500854
-37.2031326293945,-26.9719619750977,-10.1886224746704
-28.6005172729492,-35.3709678649902,-9.89625644683838
-32.1021308898926,-34.2005615234375,-9.62007427215576
-25.4739170074463,-35.9416847229004,-7.67140483856201
-33.8315200805664,-22.0553874969482,-11.3640203475952
-31.2902374267578,-21.7650718688965,-11.212423324585
-31.9105033874512,-23.6977462768555,-9.86235046386719
-33.2787742614746,-19.7292938232422,-11.7287492752075
-25.3198471069336,-33.4868583679199,-10.3037357330322
-34.8833999633789,-25.9494342803955,-9.37086391448975
-37.2052383422852,-30.9862689971924,-8.595383644104
-24.2073307037354,-34.7956008911133,-7.83442306518555
-30.461841583252,-36.5068969726562,-8.96371746063232
-33.4801559448242,-35.7113990783691,-7.49100494384766
-33.653434753418,-35.6122398376465,-5.228835105896
-34.1582450866699,-31.4105167388916,-6.62918901443481
-31.5605411529541,-32.8312454223633,-7.41945314407349
-32.3445129394531,-32.7295265197754,-5.81258821487427
-29.7477760314941,-35.6162528991699,-9.44933986663818
-32.4934959411621,-34.5565567016602,-8.89152908325195
-34.9205932617188,-34.0720634460449,-8.97879409790039
-34.3127517700195,-32.9551620483398,-9.16514110565186
-36.1571235656738,-33.2042350769043,-6.9232587814331
-35.5176429748535,-31.7950057983398,-6.48648977279663
-26.2501049041748,-37.5632057189941,-6.94638586044312
-29.8623504638672,-38.3853492736816,-6.01623678207397
-30.726432800293,-39.2075386047363,-3.19929599761963
-27.6730537414551,-40.3968200683594,-3.86209893226624
-26.281925201416,-40.8003540039062,-1.53066301345825
-26.4266948699951,-40.9172630310059,-0.0342120006680489
-17.8946876525879,-41.8689155578613,3.80177593231201
-17.6575813293457,-37.3305130004883,6.67277717590332
-17.603443145752,-40.8216857910156,1.26064896583557
-17.6454887390137,-37.0734443664551,2.64241695404053
-17.5714588165283,-35.3021621704102,-4.03497695922852
-17.9614887237549,-35.715202331543,-1.39872205257416
-19.0858402252197,-36.4548645019531,4.05539798736572
-21.5705718994141,-35.7541999816895,-0.857725977897644
-20.3380661010742,-34.1964721679688,-3.77145504951477
-24.3627681732178,-35.3044166564941,-1.97341799736023
-23.5368499755859,-33.8027725219727,-3.94069910049438
-31.0100250244141,-38.0663414001465,-4.75302505493164
-28.1679935455322,-33.4259490966797,-4.77339506149292
-30.644229888916,-33.1046257019043,-4.27636003494263
-30.2118453979492,-32.4150466918945,-5.96277618408203
-25.6869125366211,-35.6787757873535,-6.70240306854248
-27.706636428833,-34.6015472412109,-6.0743899345398
-23.6442928314209,-37.5055618286133,-5.87771606445312
-23.1137886047363,-39.5100860595703,-3.76775789260864
-31.2385349273682,-37.3528022766113,-3.30181694030762
-29.7403583526611,-35.9132041931152,-2.1300060749054
-22.5021781921387,-35.3251075744629,-6.72276020050049
-22.2684574127197,-33.5597038269043,-5.80705785751343
-19.5699443817139,-35.6104888916016,-5.56298494338989
-27.4000110626221,-33.6477851867676,-3.07668399810791
-33.2023048400879,-34.4036178588867,-4.90465307235718
-20.3393115997314,-38.3474540710449,-3.36028409004211
-18.091028213501,-38.0646743774414,-2.89885592460632
-25.7667560577393,-34.1907806396484,-4.44710397720337
-29.2383766174316,-39.0556564331055,0.249301001429558
-20.8621044158936,-41.9619216918945,-0.265673995018005
-22.7101802825928,-41.9288444519043,-0.626075029373169
-25.7563457489014,-39.4905433654785,2.91850709915161
-21.7139511108398,-36.1472702026367,3.10962700843811
-20.0374240875244,-39.0111694335938,6.68509483337402
-20.6487731933594,-35.7734794616699,5.78497791290283
-26.4193572998047,-35.4304008483887,-0.846852004528046
-23.8074226379395,-36.5676383972168,4.04122495651245
-20.5517692565918,-36.7178039550781,6.71979188919067
-27.7985668182373,-35.9164657592773,-0.168467998504639
-18.9264755249023,-42.1122360229492,2.79218888282776
-20.7272853851318,-42.0674629211426,2.27450895309448
-22.4109764099121,-42.5774154663086,1.47987294197083
-22.9819583892822,-40.5564804077148,4.78546476364136
-27.753604888916,-38.0810050964355,1.63693499565125
-22.567253112793,-38.5779037475586,5.93808221817017
-29.745906829834,-6.50634813308716,-20.0587368011475
-28.4306640625,-7.9258770942688,-18.8179321289062
-27.5513896942139,-8.0456953048706,-20.2197151184082
-30.3011722564697,-5.15636396408081,-20.6026439666748
-15.6982746124268,-6.32275676727295,-20.4778499603271
-17.5912342071533,-8.05306053161621,-20.2311668395996
-28.8318309783936,3.12119007110596,-17.9416408538818
-26.1090393066406,0.697012007236481,-17.0112800598145
-29.7839469909668,0.573969006538391,-18.4642868041992
-32.9050979614258,-4.10197591781616,-19.0231857299805
-30.0592708587646,-3.79012799263,-16.0954303741455
-26.8588809967041,-5.49295997619629,-13.8961896896362
-28.91845703125,-6.49885177612305,-17.0539169311523
-28.2768230438232,-3.81482791900635,-15.1007375717163
-24.4574680328369,-3.94093108177185,-11.9903812408447
-23.9362373352051,-5.72821283340454,-11.7062892913818
-20.3387603759766,-8.11044406890869,-13.9634199142456
-20.3583354949951,-6.95141315460205,-13.5363187789917
-16.9567928314209,-8.12258815765381,-16.3501720428467
-16.063648223877,-6.98421478271484,-16.5998401641846
-15.1704864501953,-6.02933597564697,-15.698616027832
-18.5683765411377,-0.2831189930439,-18.2832527160645
-19.3934955596924,2.35049700737,-20.6115283966064
-17.3564605712891,-0.300915002822876,-21.8485012054443
-19.4985523223877,1.78584396839142,-22.4719276428223
-25.8702011108398,2.85584497451782,-18.4460182189941
-23.7900161743164,0.473401010036469,-17.171199798584
-26.0877113342285,-0.923703014850616,-15.8410692214966
-29.4645881652832,-1.14871501922607,-17.1686954498291
-22.5588455200195,3.45244288444519,-20.8496322631836
-30.8251171112061,3.12842893600464,-22.0059375762939
-22.0519237518311,3.12649893760681,-22.0997562408447
-29.943000793457,3.53769207000732,-20.7206535339355
-30.9094848632812,2.96498107910156,-19.2766017913818
-31.527135848999,1.73069798946381,-20.3977355957031
-30.8970317840576,2.10097408294678,-22.3864116668701
-29.9027347564697,-1.71968305110931,-22.5011405944824
-17.3435192108154,-2.80626606941223,-22.4311294555664
-32.0116500854492,-3.07189106941223,-22.2643527984619
-16.0874576568604,-4.88087701797485,-20.721227645874
-30.9787540435791,0.0846299976110458,-21.4391937255859
-31.4558696746826,-1.51589095592499,-22.1094741821289
-33.4081840515137,-3.06945395469666,-20.5706882476807
-32.2944297790527,-2.37373995780945,-18.5082378387451
-31.4904880523682,-1.07956898212433,-21.2320709228516
-15.4626264572144,-0.990060985088348,-21.5513515472412
-32.8431053161621,-4.02793121337891,-21.1813774108887
-31.2711696624756,-5.89161777496338,-19.3560562133789
-14.7180862426758,-0.860947012901306,-20.39919090271
-16.9656753540039,-0.654078006744385,-16.1234703063965
-24.0952548980713,-1.28226900100708,-15.3296184539795
-22.8624935150146,-3.10632610321045,-13.3989152908325
-20.135929107666,0.674601972103119,-18.170015335083
-20.881799697876,-8.87750244140625,-15.4126291275024
-19.85329246521,-9.50764656066895,-17.8040180206299
-25.272253036499,-9.23382186889648,-16.0972671508789
-23.2063674926758,-7.44112300872803,-13.5554962158203
-18.9909687042236,-9.07235908508301,-19.1496105194092
-25.6147880554199,-9.46216773986816,-18.7036018371582
-15.779634475708,-8.07437038421631,-18.4922752380371
-14.2998151779175,-6.02436685562134,-18.7958393096924
-14.576057434082,-4.3681788444519,-19.6076679229736
-20.2209072113037,-0.139828994870186,-16.4152507781982
-23.1646366119385,3.04511189460754,-19.754077911377
-14.5646905899048,-4.53472805023193,-16.1448955535889
-14.792555809021,-2.08878397941589,-17.1478729248047
-15.9608535766602,-2.48109602928162,-15.3114786148071
-16.1837921142578,-4.78238391876221,-14.2324352264404
-21.0386486053467,-3.91481804847717,-10.9845113754272
-20.7320022583008,-4.89741611480713,-10.8452672958374
-18.5341396331787,-5.10568904876709,-12.5790529251099
-20.2618560791016,-6.06239700317383,-11.7661094665527
-18.5116405487061,-3.73108291625977,-13.1402721405029
-22.4231052398682,-4.9950270652771,-29.0724906921387
-21.6613082885742,-3.97322297096252,-29.9766864776611
-28.5277194976807,-4.21921300888062,-29.1002502441406
-26.7994728088379,-6.23924779891968,-27.584300994873
-17.1747875213623,-4.94435214996338,-20.7298603057861
-17.9277801513672,-2.8150908946991,-22.479772567749
-16.897159576416,-3.69606304168701,-22.6674365997314
-19.0546607971191,-7.10266494750977,-20.9717197418213
-16.3511581420898,-6.71426916122437,-21.0988330841064
-19.1005725860596,-6.77381086349487,-22.3209686279297
-26.2084407806396,-3.44019508361816,-30.4505996704102
-22.5785369873047,-2.55775189399719,-30.4058475494385
-26.1625366210938,-1.72189497947693,-30.1792144775391
-30.1808643341064,2.96271300315857,-22.6998405456543
-31.1306495666504,1.99523794651031,-23.1186828613281
-29.76513671875,3.3319890499115,-23.9227752685547
-30.4372234344482,-2.39460611343384,-28.0825309753418
-32.4599418640137,-1.94852197170258,-24.3662624359131
-31.9107112884521,-3.02397990226746,-26.4903736114502
-31.7733917236328,-4.74747800827026,-20.9200973510742
-33.4958534240723,-3.4852089881897,-23.341365814209
-32.0096588134766,-3.06267309188843,-22.2864608764648
-22.5950546264648,-6.64949703216553,-24.2459297180176
-22.1149120330811,-8.13418579101562,-21.0349941253662
-28.7694320678711,0.353915989398956,-25.4860496520996
-26.1846809387207,-0.130097001791,-27.8618621826172
-25.3658008575439,0.968236982822418,-27.0961456298828
-29.2241153717041,2.01352190971375,-25.4151268005371
-18.0533580780029,-1.75392198562622,-25.3244304656982
-21.3577251434326,-0.842350006103516,-28.8881340026855
-21.6041316986084,-0.0800179988145828,-26.3328189849854
-21.8844566345215,2.03959894180298,-26.4121532440186
-25.7161312103271,1.98848700523376,-27.0651721954346
-29.4616184234619,-5.68478107452393,-26.584114074707
-31.7857570648193,-3.99072098731995,-26.2185211181641
-32.264087677002,-6.1732120513916,-23.5647716522217
-31.7501564025879,-5.98146677017212,-21.3303813934326
-22.1206665039062,-6.32329797744751,-28.3850898742676
-27.8219547271729,-8.28185367584229,-21.1944217681885
-29.9163284301758,-6.58987283706665,-20.5458278656006
-19.5743160247803,-6.36096000671387,-20.4861621856689
-20.6698913574219,-4.77725791931152,-27.9106197357178
-17.9531536102295,-0.937025010585785,-24.8946208953857
-30.2804069519043,0.0805720016360283,-23.9709739685059
-30.4181957244873,-0.293980985879898,-22.983606338501
-19.6916446685791,-6.24512481689453,-26.2620906829834
-27.402400970459,-6.71316480636597,-25.08030128479
-25.5497894287109,-8.31686687469482,-23.8899955749512
-19.3945217132568,-3.54367995262146,-26.0633964538574
-22.2731170654297,3.52177500724792,-25.0235824584961
-25.4328842163086,3.17113709449768,-26.3049583435059
-17.326639175415,-5.57009696960449,-23.4670925140381
-17.5202674865723,-1.04018402099609,-22.8996162414551
-18.7214088439941,0.0282710008323193,-23.9858436584473
-21.0751762390137,2.87791991233826,-22.6690673828125
-20.4566459655762,2.73968505859375,-24.1390190124512
-23.3517284393311,-8.49299144744873,-22.3962955474854
-30.3941097259521,-7.08131122589111,-22.3906879425049
-15.8228588104248,-6.03776788711548,-22.0104026794434
-15.626501083374,-5.9046139717102,-20.8823680877686
-29.5809516906738,-1.59424602985382,-22.5458374023438
-33.2901573181152,13.6490640640259,1.38563895225525
-36.2032661437988,13.9204149246216,0.940441012382507
-33.9216499328613,13.4191226959229,3.05009198188782
-35.927906036377,13.9139165878296,2.24260306358337
-34.3544006347656,13.8967237472534,4.60432004928589
-32.0560989379883,13.9458932876587,8.03685474395752
-30.7558746337891,14.0958547592163,4.14823913574219
-33.3489456176758,15.4220552444458,0.727090001106262
-30.9635963439941,17.0651378631592,3.81083011627197
-35.6825485229492,18.0848197937012,0.823018014431
-31.5108089447021,24.0257396697998,4.89400577545166
-29.4501628875732,25.3242244720459,5.70291709899902
-30.1077861785889,23.8100986480713,7.60510110855103
-33.078670501709,22.5141983032227,7.70966911315918
-30.6519050598145,22.3907432556152,10.1357698440552
-33.1875610351562,19.8292026519775,9.24660587310791
-30.1954441070557,19.7991104125977,10.5742616653442
-29.489236831665,19.9638175964355,8.47920036315918
-30.7699813842773,18.8322887420654,6.4881272315979
-29.8516407012939,16.4025592803955,6.92818689346313
-29.835506439209,16.0026321411133,8.75305271148682
-38.1436653137207,16.2374286651611,0.471388012170792
-37.3962783813477,21.7582454681396,0.880243003368378
-40.4914932250977,17.3013000488281,0.974829018115997
-39.2017631530762,19.1943664550781,2.20876598358154
-40.1359825134277,17.4510059356689,1.97633695602417
-36.6903381347656,17.8312797546387,4.44968223571777
-35.9729270935059,21.7690658569336,0.576586008071899
-37.2363548278809,22.0203399658203,1.89273798465729
-36.4052810668945,21.4891738891602,3.76536989212036
-34.6865539550781,19.5177249908447,7.31815195083618
-32.3314437866211,16.9764842987061,8.38723945617676
-33.5961990356445,15.5086431503296,6.42843198776245
-34.729679107666,19.3015632629395,1.36321997642517
-32.6215591430664,20.1153106689453,0.98002701997757
-35.1434173583984,21.7757186889648,5.95195198059082
-32.1923294067383,24.0844573974609,0.546550989151001
-34.4806060791016,26.150520324707,0.960222005844116
-33.9995231628418,26.5074615478516,2.08938789367676
-28.4441509246826,28.8654823303223,1.8044890165329
-30.7841625213623,29.5819702148438,2.57388305664062
-30.3111934661865,29.1008491516113,0.59087198972702
-30.2444763183594,26.2313175201416,1.07789897918701
-32.7856712341309,27.1008453369141,0.628786027431488
-32.8589668273926,19.0067501068115,3.27979302406311
-29.8871879577637,23.122917175293,2.01456999778748
-29.9151344299316,21.1546936035156,3.55992889404297
-28.8668537139893,27.4560108184814,3.75374698638916
-30.8192310333252,28.0352783203125,4.65033292770386
-32.0838394165039,20.0423851013184,4.43593120574951
-28.3811798095703,23.7066497802734,4.78433322906494
-29.9405708312988,20.5275592803955,6.98360586166382
-30.9250316619873,14.0785045623779,8.59239196777344
-28.9580497741699,23.2598133087158,7.61694812774658
-40.3115386962891,14.1188907623291,-5.46618509292603
-40.6462249755859,13.8607835769653,-8.46829223632812
-41.8311653137207,13.4900789260864,-3.87422108650208
-42.2122421264648,20.1335353851318,-7.58101081848145
-44.3778190612793,18.0296573638916,-7.26336908340454
-42.5853233337402,17.81667137146,-10.4368667602539
-43.8290786743164,13.7122669219971,-10.0741147994995
-45.2009201049805,14.1741504669189,-8.01225566864014
-44.0318298339844,13.9017467498779,-4.24996995925903
-35.5509033203125,13.6630849838257,-10.0203428268433
-31.6258163452148,15.2431516647339,-10.4174814224243
-38.9722137451172,14.3938064575195,-10.1986799240112
-39.6764106750488,19.5006504058838,-10.269778251648
-42.7966995239258,18.7315311431885,-2.67816090583801
-40.6881408691406,18.9432830810547,0.42315199971199
-41.0703659057617,16.0730457305908,-0.0541209988296032
-44.5508728027344,15.5625333786011,-9.74276161193848
-31.4113674163818,14.7172117233276,-8.86138153076172
-35.1981468200684,14.1592483520508,-8.4484977722168
-33.5223503112793,15.010871887207,-7.11330699920654
-36.6322593688965,19.9464282989502,-10.4037714004517
-36.5986022949219,22.5445117950439,-8.05325984954834
-39.0633239746094,21.8571186065674,-8.34657859802246
-34.1863288879395,26.9655303955078,-1.12574994564056
-30.0730476379395,28.2082271575928,-1.22774994373322
-29.9568519592285,28.4896602630615,0.0159770008176565
-28.7794342041016,27.3916893005371,-1.00865399837494
-29.3772983551025,27.0503540039062,0.43113499879837
-30.3788757324219,25.1620140075684,0.289458006620407
-34.4809722900391,26.4789180755615,0.0951230004429817
-34.0264282226562,25.102087020874,0.477443009614944
-38.3632659912109,13.8332481384277,0.257191002368927
-38.0690536499023,15.2888250350952,-8.67020320892334
-37.4110336303711,19.1215343475342,-5.43026494979858
-30.4338474273682,16.5869007110596,-10.3685436248779
-33.2734451293945,17.8115119934082,-10.3374004364014
-39.0818748474121,23.3681983947754,-5.3289909362793
-28.2818870544434,18.1635799407959,-8.63548564910889
-31.2578773498535,17.2957801818848,-5.37489080429077
-33.5876960754395,17.805513381958,-5.21124219894409
-27.2898101806641,19.5847549438477,-9.8581485748291
-30.0180377960205,19.0983963012695,-10.3860282897949
-34.2931785583496,21.8440437316895,-0.0783059969544411
-34.1264495849609,21.9683456420898,-1.85063695907593
-36.0821990966797,21.5237655639648,-2.51655888557434
-34.8490409851074,15.1901683807373,-1.1396210193634
-35.8181037902832,19.580114364624,-1.0596170425415
-35.9036254882812,15.29185962677,-2.44304203987122
-37.1644859313965,19.215160369873,-1.73483502864838
-38.6194000244141,16.8441009521484,-3.07003998756409
-27.8183670043945,20.3028545379639,-5.61952495574951
-29.775857925415,18.4828262329102,-4.98899412155151
-32.6315574645996,21.0540943145752,-3.00666403770447
-29.6533222198486,22.2789497375488,-2.63732409477234
-31.3132915496826,22.7903461456299,-1.83341896533966
-32.9607048034668,23.8476276397705,-0.973140001296997
-32.7913055419922,19.5637760162354,-9.02427768707275
-43.9696846008301,18.3181648254395,-4.93358898162842
-44.3656845092773,14.9536371231079,-3.91650700569153
-27.5649242401123,20.2389850616455,-9.87886428833008
-28.9476947784424,20.5586986541748,-10.0403070449829
-31.0398921966553,20.5209484100342,-7.64743185043335
-33.6587524414062,24.2153377532959,-6.77748489379883
-36.1596984863281,24.1030731201172,-6.59115695953369
-29.0138397216797,21.7529754638672,-7.46676015853882
-41.0744323730469,21.3063335418701,-1.97302901744843
-37.2318344116211,24.9801120758057,-3.42815804481506
-27.6595668792725,21.9316310882568,-6.05612421035767
-30.3298740386963,26.2289237976074,-3.99790811538696
-28.2468032836914,26.3020324707031,-2.93658900260925
-38.4417190551758,18.5305404663086,-6.43099498748779
-40.4645080566406,16.6756019592285,-5.7366681098938
-34.5570640563965,26.1008148193359,-2.85028791427612
-38.9226760864258,18.7013721466064,-3.63691997528076
-38.6831169128418,19.2340545654297,-4.69238901138306
-27.743968963623,23.1062507629395,-3.57466006278992
-28.2919578552246,24.4516735076904,-5.10510015487671
-35.3192710876465,21.460865020752,-4.06565618515015
-38.6700668334961,23.6878242492676,-1.8097870349884
-35.1321067810059,13.5822324752808,-1.33977401256561
-37.909969329834,14.204909324646,-4.48829698562622
-40.2474403381348,16.4335594177246,-3.6188280582428
-27.9418621063232,25.0530605316162,-2.64788889884949
-37.0130386352539,24.9951839447021,-0.104336000978947
-37.4663963317871,22.1105155944824,0.448002994060516
-35.9888877868652,19.4607181549072,0.110247001051903
-34.4060859680176,14.1959028244019,0.195840999484062
-35.8807334899902,15.3777990341187,0.461751013994217
-29.7367115020752,13.6535835266113,-14.5484752655029
-29.5951690673828,13.4854173660278,-18.536584854126
-33.4936599731445,13.6471366882324,-11.4202480316162
-31.6874046325684,15.075252532959,-10.596718788147
-35.0053787231445,13.9704360961914,-10.8990497589111
-43.0171394348145,14.8263511657715,-10.7289447784424
-40.2245407104492,17.6040649414062,-10.5265426635742
-41.2912063598633,17.4109668731689,-12.2655582427979
-42.8425331115723,14.4341983795166,-12.4768590927124
-39.2594795227051,15.0257129669189,-16.0664024353027
-35.2509613037109,16.1726169586182,-17.1155967712402
-35.229866027832,15.0132026672363,-18.2184276580811
-32.6804466247559,18.1427917480469,-15.1599922180176
-34.0435028076172,18.0392684936523,-12.9511585235596
-37.5560302734375,16.1808338165283,-15.583854675293
-36.7040824890137,18.8496170043945,-11.7659769058228
-38.4228248596191,19.2981643676758,-10.8796548843384
-41.5749702453613,17.6017646789551,-11.0055780410767
-28.1799812316895,13.9637317657471,-19.043529510498
-30.9913387298584,13.9890384674072,-19.6106071472168
-28.5995845794678,14.8346967697144,-18.8652477264404
-31.3719482421875,15.2482805252075,-19.3052978515625
-39.3695678710938,13.608811378479,-15.6689949035645
-30.1734790802002,18.7019786834717,-14.7027292251587
-31.7717800140381,18.9095802307129,-12.4467239379883
-33.5134658813477,16.917631149292,-10.5369520187378
-26.9014091491699,14.2874040603638,-18.561466217041
-34.8014335632324,13.6754589080811,-18.4640998840332
-38.7870063781738,19.2508850097656,-12.0481939315796
-26.9698619842529,13.8165664672852,-16.4520702362061
-36.4320297241211,13.5545892715454,-12.8877544403076
-26.4957294464111,15.4467172622681,-15.8719482421875
-27.0990409851074,16.7586116790771,-16.4788646697998
-26.7180614471436,18.0746116638184,-14.5487632751465
-26.9085464477539,16.6314468383789,-13.1784105300903
-26.6647338867188,19.9179401397705,-11.7252578735352
-27.281867980957,19.1278343200684,-10.8431539535522
-42.569637298584,13.6949462890625,-11.0801820755005
-29.7794761657715,16.6402988433838,-10.9095315933228
-28.5306339263916,20.3287315368652,-12.4727182388306
-31.1176643371582,18.6193065643311,-10.7187795639038
-28.3034362792969,20.1986751556396,-10.9178848266602
-37.5395317077637,7.01493120193481,0.836157977581024
-39.3924865722656,6.26760196685791,1.50923299789429
-37.5305137634277,4.69754886627197,2.83101201057434
-41.030029296875,10.8429756164551,0.867910027503967
-41.4162979125977,10.5695104598999,2.14968395233154
-42.1626968383789,7.75840711593628,0.759155988693237
-42.3179664611816,8.31942653656006,2.02980589866638
-40.0020294189453,6.42124700546265,2.88088989257812
-39.8244934082031,8.75811004638672,4.81869316101074
-38.4602241516113,11.1655797958374,0.574636995792389
-37.5376243591309,9.32401657104492,0.831964015960693
-34.3750343322754,9.65644264221191,11.9510517120361
-37.681266784668,11.3454465866089,6.13520193099976
-33.0155258178711,12.9287576675415,9.39259910583496
-31.6753616333008,11.9293603897095,5.50240898132324
-31.1830463409424,13.1956777572632,8.54101276397705
-32.5895843505859,12.8733673095703,2.35680198669434
-34.4795188903809,11.7725009918213,0.651185989379883
-34.201904296875,9.86468887329102,2.87651610374451
-38.4757385253906,12.1253175735474,2.67026710510254
-36.7754135131836,13.345498085022,1.21415197849274
-35.1836128234863,13.3098745346069,3.8238320350647
-33.7895202636719,13.3264532089233,1.17373597621918
-37.5744514465332,4.44589710235596,5.1582179069519
-35.362850189209,5.87642621994019,6.20486497879028
-35.0703773498535,8.77754402160645,5.70752477645874
-34.0287895202637,6.64153099060059,7.49928712844849
-32.7420997619629,8.5038480758667,10.1712923049927
-36.6569709777832,5.25654697418213,8.00890731811523
-33.982536315918,3.76258611679077,8.28032493591309
-38.1000747680664,7.69796991348267,8.24294471740723
-37.1496467590332,8.74822616577148,2.95254802703857
-34.4036140441895,13.5215139389038,7.02621603012085
-36.9146194458008,9.98079299926758,9.34609794616699
-32.1136016845703,10.3077611923218,8.76889038085938
-35.9819602966309,6.12053203582764,9.78836345672607
-32.8670921325684,6.49460077285767,11.1173324584961
-33.0174598693848,9.78353881835938,12.2989988327026
-32.8991050720215,2.99668097496033,9.4481029510498
-33.2853698730469,3.2293210029602,10.8279819488525
-32.4458084106445,4.82708597183228,9.33889102935791
-34.0546340942383,10.1830005645752,12.2967481613159
-46.0828971862793,8.65148162841797,-8.14404201507568
-46.5177803039551,11.3706331253052,-8.847092628479
-46.3688011169434,9.91268253326416,-4.03973388671875
-40.9901809692383,13.4957704544067,-8.31428623199463
-40.1671867370605,11.1154556274414,-7.00677585601807
-39.9176788330078,11.236665725708,-5.47788190841675
-37.9113159179688,10.4578886032104,-4.48992013931274
-38.2323379516602,8.8481616973877,-1.67789602279663
-41.9043312072754,10.9696788787842,0.299308001995087
-36.9160270690918,12.9912366867065,0.354824006557465
-37.942253112793,9.41460609436035,0.364953011274338
-42.7439117431641,6.9755277633667,-5.61721801757812
-42.2821426391602,8.26014041900635,-7.42385101318359
-39.7629470825195,9.4528284072876,-8.61066246032715
-38.739616394043,11.7792253494263,-8.89616680145264
-40.5752792358398,8.57892799377441,-3.28022408485413
-39.0055313110352,6.86174201965332,-0.958934009075165
-44.5893630981445,8.67623519897461,-10.2394561767578
-44.7223129272461,12.9036741256714,-10.2824220657349
-46.1051216125488,13.0613851547241,-7.57750415802002
-44.5262756347656,13.4067316055298,-3.8004150390625
-39.4306945800781,10.0239515304565,-10.1327848434448
-44.807243347168,7.85229301452637,-2.84667491912842
-40.8234481811523,13.4545211791992,-2.19326996803284
-39.7667808532715,13.089451789856,-10.0408802032471
-37.6750297546387,12.238657951355,-10.3128690719604
-46.1394538879395,11.4199810028076,-4.05319023132324
-40.3865509033203,13.1469449996948,-5.4757080078125
-36.2949562072754,11.4380226135254,-3.64266991615295
-34.430965423584,11.1909780502319,-1.4845449924469
-35.3486213684082,10.5355110168457,0.0817060023546219
-34.5405540466309,12.677975654602,0.1717139929533
-35.0163879394531,13.4446077346802,-1.31476998329163
-41.7636604309082,6.79265689849854,-0.0399749986827374
-38.4027404785156,7.21730613708496,0.190200999379158
-38.0310592651367,12.5738973617554,-5.23490381240845
-36.9109382629395,13.3410873413086,-3.73231291770935
-42.9112396240234,6.79751396179199,-3.10901808738708
-43.1992454528809,6.67452001571655,-0.981279015541077
-25.9863204956055,9.05753231048584,-21.6405944824219
-25.567066192627,10.1695489883423,-21.9821262359619
-26.8694686889648,8.69021034240723,-21.6039409637451
-28.0616302490234,9.62764930725098,-21.3887329101562
-30.3037185668945,9.59918403625488,-20.5670986175537
-29.5684547424316,13.2659702301025,-20.884204864502
-27.1274700164795,11.1765632629395,-21.9563331604004
-26.1044273376465,13.4154567718506,-18.7662181854248
-25.8442420959473,12.8603229522705,-19.1811943054199
-25.6155471801758,11.6698112487793,-18.2197074890137
-26.7326316833496,10.0063467025757,-16.7431621551514
-29.7285614013672,12.9657831192017,-15.7594146728516
-29.9794025421143,8.32817268371582,-15.0793628692627
-27.621561050415,6.90326690673828,-16.0320224761963
-29.5992126464844,6.88162279129028,-16.6280899047852
-32.3733024597168,8.34625244140625,-13.4300441741943
-33.2771797180176,12.9191150665283,-12.2270126342773
-33.1138229370117,10.4820690155029,-12.7572736740112
-34.8196487426758,11.4213361740112,-12.1651296615601
-34.9850921630859,13.4562454223633,-13.4919939041138
-36.5977668762207,13.259690284729,-11.0243377685547
-36.7905769348145,13.4157018661499,-17.6578922271729
-39.7811050415039,11.9424476623535,-16.0017414093018
-37.3969688415527,10.9883394241333,-17.9495239257812
-34.8313751220703,7.35846900939941,-16.0909786224365
-33.2098693847656,11.4747142791748,-20.221887588501
-32.360107421875,7.75971794128418,-17.0603485107422
-30.5607299804688,12.2456684112549,-21.0230808258057
-27.387544631958,6.50360584259033,-17.6494312286377
-25.635856628418,7.41854000091553,-16.3099250793457
-33.5324783325195,13.1096458435059,-19.6449489593506
-42.5090789794922,13.4306936264038,-12.1616325378418
-43.7819557189941,12.8899564743042,-10.7617750167847
-38.5167922973633,11.1913604736328,-10.4507761001587
-29.2412910461426,10.3042640686035,-16.1070156097412
-36.0036544799805,11.8257665634155,-10.8014259338379
-36.4883308410645,8.99825763702393,-14.0625286102295
-36.941951751709,8.87256908416748,-15.7586078643799
-39.8709373474121,10.224850654602,-13.8610925674438
-39.1499938964844,8.93343925476074,-15.6346635818481
-39.7936172485352,13.1044998168945,-15.6423950195312
-37.8631477355957,9.28741455078125,-12.6338052749634
-39.9024658203125,9.70894145965576,-11.0577955245972
-42.0912704467773,11.30042552948,-12.9659128189087
-44.3526000976562,11.5591020584106,-12.0908536911011
-44.2303466796875,10.3289518356323,-10.9132709503174
-40.408821105957,1.27044594287872,10.6362009048462
-41.9421882629395,-2.92064595222473,12.7833814620972
-42.8082542419434,0.131417006254196,9.13593292236328
-38.6519622802734,2.27745199203491,8.2194242477417
-35.8129501342773,0.81208199262619,7.91942119598389
-40.1881942749023,0.183559000492096,7.0902361869812
-37.2358551025391,-1.119873046875,7.94048690795898
-40.0551071166992,-1.70680999755859,7.86473894119263
-38.5006561279297,-1.91669094562531,10.5586395263672
-36.6972961425781,-2.37566304206848,12.4688282012939
-33.6900253295898,0.0728359967470169,11.1267204284668
-34.7930335998535,1.41152596473694,12.7184000015259
-33.6158447265625,1.55250799655914,11.6770792007446
-35.9254760742188,2.49728608131409,10.2284822463989
-34.0572509765625,2.65422010421753,9.7670316696167
-40.3134078979492,-2.84677600860596,6.00703811645508
-40.3464851379395,-4.43184423446655,4.84388017654419
-37.7022819519043,-3.58996796607971,5.95835113525391
-37.8760719299316,-3.70832991600037,10.9242906570435
-33.95361328125,-6.9097318649292,12.8818616867065
-35.266773223877,-6.56752109527588,11.1870012283325
-34.1653785705566,-8.31460762023926,12.1612892150879
-35.9829635620117,-8.2920618057251,13.761061668396
-37.8728790283203,-6.9216251373291,12.9961433410645
-36.6575775146484,-5.16007804870605,16.611967086792
-34.8586044311523,-7.7116870880127,14.7720985412598
-35.4060096740723,-5.36139583587646,15.3020515441895
-37.3534545898438,-2.12529397010803,17.0161304473877
-38.8457832336426,-3.94087696075439,15.4283304214478
-36.8041000366211,-5.65235805511475,6.07196998596191
-40.7916030883789,-6.6441011428833,7.47145509719849
-39.6037254333496,-7.48350715637207,9.53139305114746
-42.3741493225098,-3.65213990211487,5.31421709060669
-44.276424407959,-3.67215299606323,5.78536081314087
-43.9753074645996,-0.460777997970581,7.32265710830688
-44.5355377197266,-3.65340709686279,8.02394866943359
-41.5029373168945,-1.41112101078033,6.74749994277954
-39.9024963378906,-3.00563502311707,8.13391399383545
-43.403133392334,-5.28366613388062,9.47416687011719
-35.8962097167969,-5.7816572189331,7.4988260269165
-36.2371597290039,-7.24399518966675,8.09251880645752
-36.1531295776367,-7.71691083908081,11.3581390380859
-39.9624938964844,-6.89478397369385,12.3221549987793
-35.6987838745117,0.0620039999485016,15.5306215286255
-38.8757209777832,-0.706502020359039,14.2869186401367
-36.4274597167969,-3.90076494216919,13.8394823074341
-35.7413215637207,-3.70845603942871,17.0183906555176
-35.1815643310547,-1.33832895755768,14.4557237625122
-46.3008575439453,-0.990092992782593,-0.4271320104599
-46.2014312744141,1.64559805393219,-4.5965461730957
-46.3841934204102,3.95990300178528,-2.76825594902039
-45.7670516967773,1.87664794921875,2.16675209999084
-41.7616806030273,2.17437791824341,7.13624000549316
-42.359790802002,1.16646599769592,7.78000497817993
-42.370246887207,-0.499989986419678,7.20434188842773
-40.7733955383301,-0.964133024215698,5.57839012145996
-41.9376411437988,-2.51032495498657,5.75986194610596
-41.8807525634766,0.106513001024723,3.82506108283997
-40.9204063415527,1.05893194675446,2.33284497261047
-36.4319076538086,0.379370987415314,5.04687595367432
-38.4989204406738,3.52004599571228,-0.858866989612579
-35.4037551879883,3.52708792686462,4.57832098007202
-36.2421455383301,3.24832391738892,1.79643499851227
-34.6316299438477,2.24148106575012,7.8527021408081
-34.5250396728516,3.74172306060791,6.4639139175415
-35.7600364685059,4.61758422851562,8.85455417633057
-38.1921539306641,2.40749597549438,7.18729496002197
-38.0722694396973,3.83593010902405,5.16551399230957
-40.7288284301758,4.66545581817627,3.12991309165955
-44.558967590332,5.15992498397827,-0.591351985931396
-40.6464309692383,6.22998189926147,1.10694694519043
-44.7847709655762,0.615513026714325,-4.99792909622192
-44.9089698791504,2.26948809623718,-4.94974803924561
-46.2326927185059,-1.09444499015808,1.80076503753662
-38.1522903442383,0.522033989429474,-4.05309581756592
-42.5905952453613,-0.111438997089863,-3.44289994239807
-41.4397583007812,-2.56766390800476,0.158830001950264
-41.4014167785645,0.981567978858948,-3.98278999328613
-38.2255706787109,2.10431408882141,-3.34135007858276
-41.6903381347656,2.02227807044983,-2.9382688999176
-43.0933303833008,1.2469300031662,0.372714012861252
-42.9449119567871,2.99491500854492,-2.26209497451782
-41.687328338623,4.50623798370361,-2.09875011444092
-41.3890419006348,2.05653405189514,0.919799983501434
-37.4999465942383,-0.359663009643555,-0.308138012886047
-39.2643394470215,0.584595024585724,0.394883006811142
-43.3476486206055,-4.15610122680664,3.93790888786316
-44.9827156066895,-2.21051001548767,4.95902299880981
-45.049446105957,-0.665194988250732,5.5588698387146
-44.8766860961914,5.07981586456299,-2.55899500846863
-41.265308380127,6.4580340385437,-0.737267971038818
-42.6094245910645,-4.05212497711182,5.10343408584595
-44.5123100280762,-2.67259788513184,0.331059992313385
-38.1295928955078,-2.33645296096802,-0.492576003074646
-37.9081840515137,-3.01393604278564,4.94045305252075
-40.0956153869629,-1.85728204250336,4.67291116714478
-38.8292121887207,5.51434707641602,-1.87371897697449
-35.9405746459961,5.55768489837646,2.19542694091797
-37.7697563171387,4.78552293777466,2.6237690448761
-37.3710823059082,5.0393328666687,-0.861114025115967
-36.8387031555176,6.29519510269165,1.11112403869629
-37.5602760314941,-4.35988998413086,3.82313394546509
-41.5942573547363,0.125305995345116,1.42297995090485
-41.8596305847168,-1.16006100177765,3.16203498840332
-40.5497779846191,-4.37693023681641,3.56168007850647
-38.0415954589844,-4.04907608032227,5.17886304855347
-37.3894348144531,-0.0501330010592937,7.08923387527466
-37.6652030944824,-0.421932995319366,5.55641412734985
-39.465145111084,0.782348990440369,7.28008079528809
-36.5666999816895,1.75440800189972,8.21213912963867
-38.9566993713379,5.57410621643066,-13.1371202468872
-41.1890716552734,6.73163890838623,-13.9364500045776
-43.6229515075684,4.18240213394165,-9.60872077941895
-38.2174758911133,3.38128709793091,-9.0911808013916
-37.9404067993164,1.53104996681213,-5.20246505737305
-41.1653785705566,2.13032007217407,-3.66803598403931
-37.6603088378906,3.23721790313721,-4.1546688079834
-38.2063865661621,5.62841081619263,-5.97118377685547
-37.3982849121094,7.74551916122437,-7.7982668876648
-37.5338554382324,9.36299419403076,-6.82446813583374
-35.425708770752,9.82112121582031,-10.6622257232666
-40.2541427612305,9.05932998657227,-9.12194728851318
-38.0756378173828,10.5191564559937,-7.71763896942139
-39.1362380981445,8.48000335693359,-6.35712194442749
-45.1759223937988,7.06543207168579,-7.66548681259155
-42.7692909240723,7.0593991279602,-5.77763891220093
-44.8114128112793,7.23906898498535,-3.23018503189087
-44.5926322937012,5.38308000564575,-2.58497905731201
-42.2709503173828,5.75971603393555,-1.94801199436188
-41.8988914489746,4.69924306869507,-2.83410310745239
-39.4098167419434,6.33962678909302,-4.80401182174683
-38.1040496826172,6.22308492660522,-1.974848985672
-40.5989952087402,8.48645210266113,-3.38908410072327
-42.0800552368164,8.74164390563965,-7.91367721557617
-37.9755897521973,7.6634931564331,-15.0230836868286
-36.4556884765625,7.48126077651978,-16.6139011383057
-37.5075874328613,9.06935596466064,-13.5584859848022
-37.5188140869141,5.05264377593994,-11.9960775375366
-40.3019218444824,8.35525035858154,-15.2392339706421
-40.7289085388184,10.0479707717896,-13.0875205993652
-43.4352188110352,8.47264862060547,-10.8133640289307
-36.36474609375,5.459547996521,-15.4513807296753
-34.8230056762695,7.0665078163147,-14.6764688491821
-35.7423896789551,8.16102886199951,-15.7864236831665
-35.9605827331543,9.44751167297363,-12.5997295379639
-38.9268798828125,9.46621322631836,-11.5772657394409
-46.395923614502,3.96268892288208,-4.33716201782227
-43.2769584655762,7.41762685775757,-12.0879640579224
-36.9063034057617,11.2136993408203,-9.92022609710693
-44.9926300048828,4.53662204742432,-8.64909553527832
-43.5540237426758,1.07779598236084,-5.52781915664673
-42.1495895385742,4.80873680114746,-4.51070785522461
-45.0282249450684,2.19339203834534,-6.2288990020752
-42.9171104431152,6.83339595794678,-3.23792195320129
-38.8695297241211,9.15824699401855,-4.22688913345337
-40.8746871948242,7.06478309631348,-1.57761800289154
-39.3953552246094,-20.1418647766113,12.362847328186
-39.686710357666,-18.5046482086182,9.48612403869629
-41.2144889831543,-17.1791133880615,13.7771348953247
-43.7720108032227,-15.1596698760986,12.1760883331299
-42.1044273376465,-17.2096290588379,9.47151947021484
-43.2243537902832,-15.2967929840088,9.16971015930176
-41.5698204040527,-15.5840196609497,7.74566221237183
-41.7384452819824,-13.6725292205811,10.034818649292
-37.4978828430176,-14.6804075241089,9.16371631622314
-39.9907150268555,-14.7874555587769,10.9011707305908
-37.5708885192871,-16.0693340301514,11.8696956634521
-33.242977142334,-18.6187553405762,16.1541194915771
-36.0186157226562,-18.0046253204346,13.1331043243408
-32.2572441101074,-21.372537612915,16.0310115814209
-35.9732551574707,-21.7269191741943,10.7571897506714
-34.0296096801758,-23.7027378082275,13.2213754653931
-33.6345176696777,-21.4708099365234,10.7514190673828
-34.1847763061523,-18.2492561340332,8.49899101257324
-33.3637046813965,-19.8452129364014,11.2667694091797
-34.4463729858398,-17.1081695556641,10.4544439315796
-37.2840347290039,-15.8212766647339,7.87336587905884
-40.4175643920898,-16.504861831665,7.9604959487915
-37.4547309875488,-17.8965358734131,7.7119607925415
-37.8425712585449,-20.667236328125,11.992730140686
-35.0919761657715,-17.5431995391846,19.0638008117676
-35.9821166992188,-15.2092437744141,20.3188972473145
-35.2883110046387,-13.7871694564819,16.2240371704102
-35.7126007080078,-15.5124568939209,16.3178691864014
-37.5499038696289,-13.8682098388672,14.5152521133423
-39.5337181091309,-13.758994102478,11.849268913269
-40.8106346130371,-11.815372467041,10.7558040618896
-43.3479881286621,-12.2576055526733,12.1588277816772
-41.0724830627441,-10.0446491241455,12.7860260009766
-40.5041999816895,-13.9911136627197,16.7525997161865
-38.8812217712402,-11.5552206039429,15.4742679595947
-36.9608345031738,-15.4554805755615,20.1165790557861
-44.4294548034668,-13.5735559463501,10.5041818618774
-43.2077941894531,-12.1779365539551,10.4522037506104
-31.8672866821289,-22.1103057861328,11.682370185852
-33.6203002929688,-20.5958137512207,13.6583986282349
-38.6538314819336,-15.104793548584,13.4558458328247
-37.5867805480957,-12.404974937439,10.6191892623901
-37.4867897033691,-10.9341611862183,10.8072776794434
-39.4678497314453,-10.099422454834,12.4655704498291
-37.1721534729004,-9.55154228210449,12.3012237548828
-36.0511894226074,-9.59367370605469,14.5464143753052
-33.0522308349609,-8.81941413879395,14.0427980422974
-37.55029296875,-12.1448783874512,17.6125583648682
-33.8641624450684,-11.3185796737671,16.1744747161865
-35.3232803344727,-13.3580141067505,13.708212852478
-34.927433013916,-11.5528898239136,11.6251592636108
-34.5865859985352,-23.972469329834,15.1067247390747
-37.6740798950195,-20.5944194793701,15.502236366272
-32.6809768676758,-10.0975532531738,14.3478918075562
-33.0071411132812,-9.56594371795654,12.9338941574097
-33.546989440918,-13.003170967102,14.3620777130127
-38.2355766296387,-18.0348453521729,16.1776142120361
-32.2815093994141,-24.9265842437744,16.4683303833008
-32.78662109375,-18.8764495849609,17.6852760314941
-33.4109497070312,-22.9521236419678,18.3694229125977
-36.8914260864258,-17.8392219543457,19.1638679504395
-31.4461784362793,-23.9304256439209,16.6990184783936
-35.9345512390137,-12.0100479125977,17.2030124664307
-36.2383193969727,-19.4455623626709,17.9760322570801
-41.2981147766113,-10.3048915863037,-1.08649599552155
-44.830451965332,-10.1193380355835,-0.148846000432968
-42.2089805603027,-13.6595907211304,1.64106500148773
-44.3294715881348,-13.0967426300049,4.11811876296997
-45.9337692260742,-10.4376363754272,3.11251211166382
-42.5871505737305,-4.90133190155029,5.48899221420288
-45.3562431335449,-10.0750274658203,7.99469900131226
-45.2422866821289,-7.71609210968018,4.73465299606323
-46.4160003662109,-7.16676998138428,1.55347394943237
-45.8420219421387,-10.4120016098022,0.676780998706818
-41.7544059753418,-9.32742595672607,-1.31962895393372
-42.1153030395508,-7.28857612609863,0.765048027038574
-38.6817817687988,-8.77961444854736,0.359952986240387
-43.8929748535156,-6.3627200126648,1.7941859960556
-37.8777923583984,-10.1072759628296,0.363231986761093
-37.8721618652344,-10.9638729095459,1.0915390253067
-39.5439491271973,-13.0311594009399,2.46469593048096
-38.2498664855957,-11.8539352416992,4.712730884552
-36.2932777404785,-13.1504945755005,6.34475421905518
-37.1794929504395,-13.8919296264648,7.94817018508911
-41.0063362121582,-12.6307964324951,7.70300006866455
-41.8908576965332,-4.27550601959229,2.10807704925537
-41.8422470092773,-14.6902008056641,4.14720106124878
-43.1829833984375,-14.7585220336914,8.04032039642334
-40.081916809082,-16.1213817596436,7.09458303451538
-41.2185516357422,-14.7326459884644,8.09692287445068
-41.0588188171387,-12.4757671356201,8.7498893737793
-41.6334037780762,-11.4153537750244,11.0540704727173
-39.9881744384766,-11.9393949508667,9.39830875396729
-37.2744483947754,-11.6330289840698,10.1907329559326
-40.8774566650391,-9.05890274047852,1.97248101234436
-41.1111450195312,-8.0517406463623,2.54676198959351
-37.2459335327148,-4.57407093048096,3.34863805770874
-40.0315208435059,-4.27759218215942,3.3389310836792
-37.4598045349121,-6.17664003372192,1.59129703044891
-36.4105110168457,-6.59471702575684,5.36630201339722
-36.5707397460938,-7.82293510437012,4.88324022293091
-38.0055999755859,-9.06152057647705,4.85313081741333
-35.0638122558594,-9.76369857788086,8.44841957092285
-35.2392578125,-11.6151599884033,10.2499685287476
-44.1264305114746,-5.42311716079712,3.43307495117188
-41.2519378662109,-10.6295042037964,4.87003087997437
-40.0512847900391,-6.8872652053833,1.63660502433777
-40.6528015136719,-8.9875602722168,5.17575120925903
-38.0391426086426,-15.990665435791,5.72427988052368
-35.6988067626953,-16.7425575256348,6.9922890663147
-38.8168830871582,-15.207670211792,8.24714469909668
-35.7515830993652,-15.8424100875854,8.58630180358887
-36.3500595092773,-14.4589939117432,4.34718799591064
-37.0081977844238,-12.9372816085815,3.46168303489685
-38.3853340148926,-9.36949062347412,11.787371635437
-41.6077537536621,-9.7246208190918,11.1140928268433
-39.0454597473145,-6.27539396286011,6.90481615066528
-38.4636459350586,-7.38964414596558,8.8501501083374
-45.3358726501465,-11.9498357772827,6.72129201889038
-37.8232879638672,-5.17639780044556,5.27827787399292
-35.7040977478027,-7.81393098831177,7.73892402648926
-36.3235473632812,-7.45052194595337,10.7770147323608
-34.6952018737793,-7.7350811958313,10.0311298370361
-36.4087104797363,-9.16308307647705,12.3872203826904
-43.6393585205078,-11.6169662475586,10.4158954620361
-34.4230842590332,-10.1145668029785,11.6905860900879
-39.7402114868164,-1.42941904067993,-9.87071704864502
-42.7246856689453,-0.583132028579712,-10.159158706665
-43.4311790466309,-3.02054500579834,-8.39997577667236
-45.1545715332031,-2.6691529750824,-5.74740600585938
-46.5301971435547,-4.22399187088013,-4.117506980896
-44.3540954589844,-5.87502717971802,-5.16513586044312
-46.547004699707,-7.36446189880371,-1.58696901798248
-42.4649353027344,-8.9529619216919,-2.38814306259155
-45.0268974304199,-9.3232889175415,-1.18389904499054
-43.4334564208984,-9.50933647155762,-0.717781007289886
-41.5879096984863,-5.53101015090942,-5.91546201705933
-40.1241073608398,-6.66092300415039,-3.06708407402039
-39.7435760498047,-3.62262201309204,-7.41759014129639
-41.7624931335449,1.14435505867004,-4.77232789993286
-42.9724960327148,1.25157105922699,-7.65339708328247
-39.7521896362305,1.97990894317627,-7.15285205841064
-39.41015625,1.06407296657562,-4.67010307312012
-37.5976600646973,1.45581996440887,-6.86693286895752
-37.5792427062988,-0.949603021144867,-4.65752220153809
-37.6907234191895,-3.05720901489258,-3.10119700431824
-38.93408203125,-3.42426490783691,-4.63130283355713
-43.0544700622559,0.247813001275063,-10.2969007492065
-37.743709564209,-1.75904405117035,-8.87012481689453
-44.1846542358398,-1.27042305469513,-8.13123607635498
-38.0827903747559,1.09090399742126,-8.46595764160156
-38.3311309814453,-6.21106815338135,-0.330740988254547
-45.896541595459,-6.65855121612549,0.713990986347198
-43.5869407653809,-6.41307783126831,1.78977203369141
-45.7157249450684,-8.12721061706543,0.106155999004841
-42.8402099609375,-1.014289021492,-3.12995195388794
-46.1742858886719,-4.96731805801392,-1.1889979839325
-40.0051803588867,-6.12240314483643,-1.88538002967834
-39.4656448364258,-6.21814393997192,1.25960099697113
-37.7250061035156,-4.46953582763672,1.0940500497818
-39.4726638793945,-4.37585687637329,2.59446692466736
-40.4393119812012,-8.01487255096436,-1.50704896450043
-41.1131782531738,-5.62953901290894,-1.71693897247314
-41.6031112670898,-6.59728813171387,0.452010989189148
-41.4642066955566,-4.52632904052734,1.40006101131439
-39.6252021789551,-2.39578199386597,-0.373064994812012
-37.7008895874023,-2.72053599357605,-1.27257299423218
-43.6913528442383,-4.56676721572876,1.31034505367279
-39.0221481323242,3.70112490653992,-16.1856594085693
-40.4365348815918,3.63076400756836,-15.3438940048218
-39.4889221191406,-1.13947999477386,-11.2969446182251
-42.0073928833008,1.94959902763367,-12.6445627212524
-42.2064208984375,-0.164390996098518,-10.6098337173462
-42.4052886962891,2.061842918396,-10.4006509780884
-39.711540222168,4.72755479812622,-11.6517372131348
-37.8339881896973,4.01049709320068,-11.3503799438477
-37.6910018920898,4.94770908355713,-16.383544921875
-37.5513954162598,-0.264813989400864,-10.1539449691772
-39.6012802124023,2.34351396560669,-7.7156720161438
-38.1767807006836,-1.48499202728271,-10.6114721298218
-41.4140434265137,1.48498594760895,-8.463698387146
-39.0364837646484,5.20142412185669,-16.0009765625
-37.8394584655762,2.27957201004028,-8.61602306365967
-34.3692054748535,-24.5787181854248,5.25162410736084
-36.1685256958008,-23.7025966644287,4.48195695877075
-36.3059234619141,-24.750732421875,6.88942098617554
-36.0198593139648,-20.4210376739502,6.07744216918945
-36.9016380310059,-19.1176414489746,6.87550401687622
-34.2875747680664,-24.7830657958984,8.5780029296875
-34.2103462219238,-22.4543724060059,11.5135498046875
-33.264274597168,-24.1256904602051,12.8327159881592
-32.7185478210449,-26.4621200561523,11.6876916885376
-31.0449657440186,-25.8359813690186,14.4824886322021
-30.3379173278809,-24.706127166748,12.033164024353
-30.9222927093506,-24.0315399169922,9.92963600158691
-30.9554691314697,-26.4250259399414,11.4691848754883
-32.8354377746582,-25.7643947601318,8.94728755950928
-33.5412101745605,-19.6936893463135,7.38802003860474
-36.3589553833008,-19.5361785888672,8.66477203369141
-34.8886985778809,-18.6480026245117,8.36315155029297
-34.1428451538086,-23.0174427032471,4.45436382293701
-32.4200859069824,-22.0097522735596,9.88149642944336
-42.2778396606445,-15.4238834381104,-1.72210097312927
-41.9705848693848,-14.1718196868896,-3.49167490005493
-42.9580078125,-12.3346176147461,-0.107813999056816
-42.4004745483398,-15.7671461105347,0.658592998981476
-41.3517799377441,-18.1782379150391,0.704339981079102
-40.6258354187012,-15.8444223403931,3.36589407920837
-38.4362258911133,-15.5051488876343,-5.25182580947876
-38.0355377197266,-21.2429428100586,-0.197375997900963
-39.3801422119141,-10.0931959152222,-0.531291007995605
-39.667594909668,-14.7494049072266,4.10226917266846
-42.0620536804199,-13.5078573226929,1.07854902744293
-37.8940353393555,-16.7224617004395,6.14214515686035
-39.177619934082,-18.5270309448242,5.20999717712402
-36.928409576416,-16.8573932647705,-4.45408010482788
-36.5438041687012,-14.8514451980591,-4.46755599975586
-37.2253875732422,-13.0061149597168,1.92075896263123
-37.9029006958008,-10.9932193756104,-0.528764009475708
-38.316707611084,-12.1710624694824,-2.19982504844666
-38.0236930847168,-14.0722312927246,-0.531985998153687
-38.7804336547852,-12.8173456192017,-4.27098083496094
-40.5994033813477,-12.9080953598022,-4.25697612762451
-39.3859672546387,-11.0144634246826,-2.6253809928894
-42.1455764770508,-10.7798204421997,-2.03381109237671
-43.365161895752,-11.2791967391968,-1.03332901000977
-36.7908782958984,-17.2019462585449,0.804553985595703
-36.1459465026855,-15.0659093856812,3.97306895256042
-36.3945999145508,-20.7939624786377,0.800234973430634
-36.3527183532715,-18.1550827026367,2.56266903877258
-37.0292549133301,-21.8777046203613,0.483038008213043
-37.4912872314453,-22.0588436126709,2.91499209403992
-36.1202392578125,-18.3632144927979,6.80087995529175
-33.5250473022461,-19.3838195800781,5.89529895782471
-35.7410202026367,-16.8879642486572,5.89728879928589
-35.1262321472168,-18.2211093902588,4.7399640083313
-34.6527862548828,-20.5915260314941,3.01651000976562
-35.1267547607422,-22.3188400268555,3.21445107460022
-35.644603729248,-21.5557308197021,5.22887897491455
-34.460636138916,-21.4748229980469,4.98750019073486
-43.0109672546387,-2.22332811355591,-10.0710506439209
-43.2089309692383,-3.56550002098083,-8.0612735748291
-44.0315170288086,-4.95546197891235,-8.14867115020752
-39.2857398986816,-2.00137400627136,-10.1279172897339
-37.6186065673828,-2.77472496032715,-9.4898738861084
-39.0102920532227,-2.59693193435669,-8.59210872650146
-40.1390609741211,-4.6318850517273,-12.3865461349487
-42.9156799316406,-4.3650689125061,-11.1048212051392
-40.9897270202637,-8.53187465667725,-9.40462589263916
-44.128116607666,-5.23375415802002,-6.68968105316162
-42.5426445007324,-6.50150012969971,-4.92265701293945
-44.1052856445312,-7.68194007873535,-3.10516309738159
-44.7152137756348,-8.82572174072266,-3.19034504890442
-37.8042449951172,-6.066330909729,-12.6138668060303
-38.9264144897461,-6.7329912185669,-12.2375860214233
-37.9442672729492,-12.031289100647,-7.1887469291687
-37.3088760375977,-11.0643663406372,-5.33848190307617
-43.0819206237793,-11.4454355239868,-3.70471000671387
-42.4737777709961,-2.75026607513428,-11.1887893676758
-39.026065826416,-11.4282112121582,-8.10923767089844
-37.5597152709961,-5.8153772354126,-6.69223308563232
-38.8349571228027,-5.21393918991089,-5.70374393463135
-40.1192779541016,-5.95401620864868,-4.4336462020874
-38.9527816772461,-8.46703433990479,-1.98421394824982
-40.3728637695312,-8.63350486755371,-1.79011297225952
-39.425952911377,-10.1962938308716,-1.86680805683136
-42.4853820800781,-9.60353088378906,-2.08214592933655
-39.9857063293457,-12.9748678207397,-6.62015008926392
-37.2101440429688,-14.6316146850586,-6.06872797012329
-37.9034118652344,-13.8540878295898,-4.48735523223877
-36.7839698791504,-13.5530118942261,-4.65446710586548
-36.6936912536621,-12.358286857605,-6.41554021835327
-37.8506927490234,-10.8774871826172,-3.654944896698
-40.9794731140137,-12.5777673721313,-4.83176898956299
-39.3152275085449,-12.2938079833984,-3.90982007980347
-44.097225189209,-9.78936767578125,-2.14225506782532
-42.0425033569336,-11.7201242446899,-2.85775995254517
-40.7793846130371,1.91259503364563,-16.8030967712402
-41.9475593566895,0.621478974819183,-14.74622631073
-40.9264183044434,-2.73546695709229,-14.3164186477661
-41.1842231750488,-3.71033406257629,-12.6710577011108
-43.4344787597656,-0.702943980693817,-13.1577997207642
-43.1087837219238,-2.42505288124084,-11.2330207824707
-42.724250793457,-0.515076994895935,-10.8541440963745
-41.4835548400879,1.94101798534393,-13.6886043548584
-38.3813362121582,4.14394092559814,-18.8764781951904
-36.718147277832,4.02139091491699,-18.2242527008057
-37.7163581848145,5.20854616165161,-18.0230255126953
-38.0800666809082,3.6153359413147,-16.4556198120117
-38.2857208251953,2.26410794258118,-18.179256439209
-37.6002731323242,0.863031029701233,-15.5792417526245
-38.2848129272461,-4.96639490127563,-12.6593809127808
-38.0146903991699,-4.60719919204712,-13.7874851226807
-38.2143516540527,-0.932591021060944,-15.4911985397339
-40.5881462097168,3.17057800292969,-16.4871063232422
-39.6575622558594,-2.31114792823792,-10.7496852874756
-37.9166564941406,-2.19202589988708,-10.8300609588623
